path,size,type,model
The_Dead_Letter_Office/planning/The_Dead_Letter_Office_outline.md,,markdown,deepseek-v4-flash
The_Dead_Letter_Office/txt/The_Dead_Letter_Office.txt,12540,text,deepseek-v4-flash
The_Dead_Letter_Office/epub/The_Dead_Letter_Office.epub,257845,epub,deepseek-v4-flash
The_Dead_Letter_Office/covers/The_Dead_Letter_Office.png,140424,png,deepseek-v4-flash
The_Dead_Letter_Office/metadata/The_Dead_Letter_Office_metadata.json,,json,deepseek-v4-flash
The_Dead_Letter_Office/reports/final_report.md,,markdown,deepseek-v4-flash
The_Dead_Letter_Office/reports/manifest.csv,,csv,deepseek-v4-flash
The_Dead_Letter_Office/reports/progress.md,,markdown,deepseek-v4-flash
The_Dead_Letter_Office/tools/build_epub.py,,python,deepseek-v4-flash
The_Dead_Letter_Office/tools/create_cover.py,,python,deepseek-v4-flash
